<report xmlns="http://developer.cognos.com/schemas/report/11.0/" useStyleVersion="10" expressionLocale="en-us">
	<modelPath>/content/package[@name='IBMControlCenter']/model[@name='model']</modelPath>
	<drillBehavior/>
	<layouts>
		<layout>
			<reportPages>
				<page name="Group_ByAckStatus">
					<style>
						<defaultStyles>
							<defaultStyle refStyle="pg"/>
						</defaultStyles>
					</style>
					<pageBody>
						<style>
							<defaultStyles>
								<defaultStyle refStyle="pb"/>
							</defaultStyles>
						</style>
						<contents>
							<table>
								<style>
									<defaultStyles>
										<defaultStyle refStyle="tb"/>
									</defaultStyles>
									<CSS value="border-collapse:collapse;width:100%"/>
								</style>
								<tableRows>
									<tableRow>
										<tableCells>
											<tableCell colSpan="2">
												<contents/>
												<style>
													<CSS value="height:5px"/>
												</style>
											</tableCell>
										</tableCells>
									</tableRow>
									<tableRow>
										<tableCells>
											<tableCell colSpan="2">
												<contents/>
												<style>
													<CSS value="height:1px;background-color:#000000"/>
												</style>
											</tableCell>
										</tableCells>
									</tableRow>
									<tableRow>
										<tableCells>
											<tableCell colSpan="2">
												<contents>
													<textItem>
														<dataSource>
															<staticValue>EDI Outbound Acknowledgment Report</staticValue>
														</dataSource>
														<style>
															<CSS value="font-family:Arial;font-size:22pt;font-weight:normal;font-style:normal"/>
														</style>
													</textItem>
												</contents>
												<style>
													<CSS value="text-align:center"/>
												</style>
											</tableCell>
										</tableCells>
									</tableRow>
									<tableRow>
										<tableCells>
											<tableCell colSpan="2">
												<contents/>
												<style>
													<CSS value="background-color:#000000;height:1px"/>
												</style>
											</tableCell>
										</tableCells>
									</tableRow>
									<tableRow>
										<tableCells>
											<tableCell colSpan="2">
												<contents/>
												<style>
													<CSS value="height:50px"/>
												</style>
											</tableCell>
										</tableCells>
									</tableRow>
									<tableRow>
										<tableCells>
											<tableCell>
												<contents>
													<table>
														<style>
															<defaultStyles>
																<defaultStyle refStyle="tb"/>
															</defaultStyles>
															<CSS value="border-collapse:collapse;width:100%"/>
														</style>
														<tableRows>
															<tableRow>
																<tableCells>
																	<tableCell>
																		<contents>
																			<textItem>
																				<dataSource>
																					<staticValue>Created On:     </staticValue>
																				</dataSource>
																				<style>
																					<CSS value="font-family:Arial;font-size:10pt;font-weight:normal;font-style:normal"/>
																				</style>
																			</textItem>
																		</contents>
																		<style>
																			<CSS value="width:30%;text-align:right"/>
																		</style>
																	</tableCell>
																	<tableCell>
																		<contents>
																			<textItem>
																				<dataSource>
																					<reportExpression>ReportDate()</reportExpression>
																				</dataSource>
																			</textItem>
																		</contents>
																		<style>
																			<CSS value="text-align:left"/>
																		</style>
																	</tableCell>
																</tableCells>
															</tableRow>
														</tableRows>
													</table>
												</contents>
												<style>
													<CSS value="width:65%"/>
												</style>
											</tableCell>
											<tableCell>
												<contents/>
											</tableCell>
										</tableCells>
									</tableRow>
									<tableRow>
										<tableCells>
											<tableCell>
												<contents>
													<table>
														<style>
															<defaultStyles>
																<defaultStyle refStyle="tb"/>
															</defaultStyles>
															<CSS value="border-collapse:collapse;width:100%"/>
														</style>
														<tableRows>
															<tableRow>
																<tableCells>
																	<tableCell>
																		<contents>
																			<textItem>
																				<dataSource>
																					<staticValue>Report Config:     </staticValue>
																				</dataSource>
																				<style>
																					<CSS value="font-family:Arial;font-size:10pt;font-weight:normal;font-style:normal"/>
																				</style>
																			</textItem>
																		</contents>
																		<style>
																			<CSS value="width:30%;text-align:right"/>
																		</style>
																	</tableCell>
																	<tableCell>
																		<contents>
																			<textItem>
																				<dataSource>
																					<staticValue>EDIOutAck_GroupLevel_ByAckStatus</staticValue>
																				</dataSource>
																			</textItem>
																		</contents>
																		<style>
																			<CSS value="text-align:left"/>
																		</style>
																	</tableCell>
																</tableCells>
															</tableRow>
														</tableRows>
													</table>
												</contents>
												<style>
													<CSS value="width:65%"/>
												</style>
											</tableCell>
											<tableCell>
												<contents/>
											</tableCell>
										</tableCells>
									</tableRow>
									<tableRow>
										<tableCells>
											<tableCell colSpan="2">
												<contents/>
												<style>
													<CSS value="height:5px"/>
												</style>
											</tableCell>
										</tableCells>
									</tableRow>
									<tableRow>
										<tableCells>
											<tableCell>
												<contents>
													<table>
														<style>
															<defaultStyles>
																<defaultStyle refStyle="tb"/>
															</defaultStyles>
															<CSS value="border-collapse:collapse;width:100%"/>
														</style>
														<tableRows>
															<tableRow>
																<tableCells>
																	<tableCell>
																		<contents>
																			<textItem>
																				<dataSource>
																					<staticValue>Filters:     </staticValue>
																				</dataSource>
																				<style>
																					<CSS value="font-family:Arial;font-size:10pt;font-weight:normal;font-style:normal"/>
																				</style>
																			</textItem>
																		</contents>
																		<style>
																			<CSS value="width:30%;text-align:right"/>
																		</style>
																	</tableCell>
																	<tableCell>
																		<contents>
																			<table>
																				<style>
																					<defaultStyles>
																						<defaultStyle refStyle="tb"/>
																					</defaultStyles>
																					<CSS value="border-collapse:collapse;width:100%"/>
																				</style>
																				<tableRows>
																					<tableRow>
																						<tableCells>
																							<tableCell>
																								<contents>
																									<textItem>
																										<dataSource>
																											<staticValue>Level:</staticValue>
																										</dataSource>
																										<style>
																											<CSS value="font-family:Arial;font-size:10pt;font-weight:normal;font-style:normal"/>
																										</style>
																									</textItem>
																								</contents>
																								<style>
																									<CSS value="text-align:left;width:40%"/>
																								</style>
																							</tableCell>
																							<tableCell>
																								<contents>
																									<textItem>
																										<dataSource>
																											<staticValue>Group</staticValue>
																										</dataSource>
																										<style>
																											<CSS value="font-family:Arial;font-size:10pt;font-weight:normal;font-style:normal"/>
																										</style>
																									</textItem>
																								</contents>
																								<style>
																									<CSS value="text-align:left"/>
																								</style>
																							</tableCell>
																						</tableCells>
																					</tableRow>
																				</tableRows>
																			</table>
																		</contents>
																		<style>
																			<CSS value="width:70%;text-align:left"/>
																		</style>
																	</tableCell>
																</tableCells>
															</tableRow>
														</tableRows>
													</table>
												</contents>
												<style>
													<CSS value="width:65%"/>
												</style>
											</tableCell>
											<tableCell>
												<contents/>
											</tableCell>
										</tableCells>
									</tableRow>
									<tableRow>
										<tableCells>
											<tableCell>
												<contents>
													<table>
														<style>
															<defaultStyles>
																<defaultStyle refStyle="tb"/>
															</defaultStyles>
															<CSS value="border-collapse:collapse;width:100%"/>
														</style>
														<tableRows>
															<tableRow>
																<tableCells>
																	<tableCell>
																		<contents>
																			<textItem>
																				<dataSource>
																					<staticValue>          </staticValue>
																				</dataSource>
																			</textItem>
																		</contents>
																		<style>
																			<CSS value="width:30%;text-align:right"/>
																		</style>
																	</tableCell>
																	<tableCell>
																		<contents>
																			<table>
																				<style>
																					<defaultStyles>
																						<defaultStyle refStyle="tb"/>
																					</defaultStyles>
																					<CSS value="border-collapse:collapse;width:100%"/>
																				</style>
																				<tableRows>
																					<tableRow>
																						<tableCells>
																							<tableCell>
																								<contents>
																									<textItem>
																										<dataSource>
																											<staticValue>Sender ID:</staticValue>
																										</dataSource>
																										<style>
																											<CSS value="font-family:Arial;font-size:10pt;font-weight:normal;font-style:normal"/>
																										</style>
																									</textItem>
																								</contents>
																								<style>
																									<CSS value="width:40%"/>
																								</style>
																							</tableCell>
																							<tableCell>
																								<contents>
																									<textItem>
																										<dataSource>
																											<reportExpression>If ParamDisplayValue('SenderIDFilter') is null THEN ('All') ELSE (ParamDisplayValue('SenderIDFilter'))</reportExpression>
																										</dataSource>
																										<style>
																											<CSS value="font-family:Arial;font-size:10pt;font-weight:normal;font-style:normal"/>
																										</style>
																									</textItem>
																								</contents>
																							</tableCell>
																						</tableCells>
																					</tableRow>
																				</tableRows>
																			</table>
																		</contents>
																	</tableCell>
																</tableCells>
															</tableRow>
														</tableRows>
														<conditionalRender refVariable="ShowSenderIDFilter">
															<renderFor refVariableValue="1"/>
														</conditionalRender>
													</table>
												</contents>
												<style>
													<CSS value="width:65%"/>
												</style>
											</tableCell>
											<tableCell>
												<contents/>
											</tableCell>
										</tableCells>
									</tableRow>
									<tableRow>
										<tableCells>
											<tableCell>
												<contents>
													<table>
														<style>
															<defaultStyles>
																<defaultStyle refStyle="tb"/>
															</defaultStyles>
															<CSS value="border-collapse:collapse;width:100%"/>
														</style>
														<tableRows>
															<tableRow>
																<tableCells>
																	<tableCell>
																		<contents>
																			<textItem>
																				<dataSource>
																					<staticValue>          </staticValue>
																				</dataSource>
																			</textItem>
																		</contents>
																		<style>
																			<CSS value="width:30%;text-align:right"/>
																		</style>
																	</tableCell>
																	<tableCell>
																		<contents>
																			<table>
																				<style>
																					<defaultStyles>
																						<defaultStyle refStyle="tb"/>
																					</defaultStyles>
																					<CSS value="border-collapse:collapse;width:100%"/>
																				</style>
																				<tableRows>
																					<tableRow>
																						<tableCells>
																							<tableCell>
																								<contents>
																									<textItem>
																										<dataSource>
																											<staticValue>Receiver ID:</staticValue>
																										</dataSource>
																										<style>
																											<CSS value="font-family:Arial;font-size:10pt;font-weight:normal;font-style:normal"/>
																										</style>
																									</textItem>
																								</contents>
																								<style>
																									<CSS value="width:40%"/>
																								</style>
																							</tableCell>
																							<tableCell>
																								<contents>
																									<textItem>
																										<dataSource>
																											<reportExpression>If ParamDisplayValue('ReceiverIDFilter') is null THEN ('All') ELSE (ParamDisplayValue('ReceiverIDFilter'))</reportExpression>
																										</dataSource>
																										<style>
																											<CSS value="font-family:Arial;font-size:10pt;font-weight:normal;font-style:normal"/>
																										</style>
																									</textItem>
																								</contents>
																							</tableCell>
																						</tableCells>
																					</tableRow>
																				</tableRows>
																			</table>
																		</contents>
																	</tableCell>
																</tableCells>
															</tableRow>
														</tableRows>
														<conditionalRender refVariable="ShowReceiverIDFilter">
															<renderFor refVariableValue="1"/>
														</conditionalRender>
													</table>
												</contents>
												<style>
													<CSS value="width:65%"/>
												</style>
											</tableCell>
											<tableCell>
												<contents/>
											</tableCell>
										</tableCells>
									</tableRow>
									<tableRow>
										<tableCells>
											<tableCell>
												<contents>
													<table>
														<style>
															<defaultStyles>
																<defaultStyle refStyle="tb"/>
															</defaultStyles>
															<CSS value="border-collapse:collapse;width:100%"/>
														</style>
														<tableRows>
															<tableRow>
																<tableCells>
																	<tableCell>
																		<contents>
																			<textItem>
																				<dataSource>
																					<staticValue>          </staticValue>
																				</dataSource>
																			</textItem>
																		</contents>
																		<style>
																			<CSS value="width:30%;text-align:right"/>
																		</style>
																	</tableCell>
																	<tableCell>
																		<contents>
																			<table>
																				<style>
																					<defaultStyles>
																						<defaultStyle refStyle="tb"/>
																					</defaultStyles>
																					<CSS value="border-collapse:collapse;width:100%"/>
																				</style>
																				<tableRows>
																					<tableRow>
																						<tableCells>
																							<tableCell>
																								<contents>
																									<textItem>
																										<dataSource>
																											<staticValue>Standard:</staticValue>
																										</dataSource>
																										<style>
																											<CSS value="font-family:Arial;font-size:10pt;font-weight:normal;font-style:normal"/>
																										</style>
																									</textItem>
																								</contents>
																								<style>
																									<CSS value="width:40%"/>
																								</style>
																							</tableCell>
																							<tableCell>
																								<contents>
																									<textItem>
																										<dataSource>
																											<reportExpression>IF ParamDisplayValue('StandardFilter') is null THEN ('All') ELSE (ParamDisplayValue('StandardFilter'))</reportExpression>
																										</dataSource>
																										<style>
																											<CSS value="font-family:Arial;font-size:10pt;font-weight:normal;font-style:normal"/>
																										</style>
																									</textItem>
																								</contents>
																							</tableCell>
																						</tableCells>
																					</tableRow>
																				</tableRows>
																			</table>
																		</contents>
																	</tableCell>
																</tableCells>
															</tableRow>
														</tableRows>
														<conditionalRender refVariable="ShowStandardFilter">
															<renderFor refVariableValue="1"/>
														</conditionalRender>
													</table>
												</contents>
												<style>
													<CSS value="width:65%"/>
												</style>
											</tableCell>
											<tableCell>
												<contents/>
											</tableCell>
										</tableCells>
									</tableRow>
									<tableRow>
										<tableCells>
											<tableCell>
												<contents>
													<table>
														<style>
															<defaultStyles>
																<defaultStyle refStyle="tb"/>
															</defaultStyles>
															<CSS value="border-collapse:collapse;width:100%"/>
														</style>
														<tableRows>
															<tableRow>
																<tableCells>
																	<tableCell>
																		<contents>
																			<textItem>
																				<dataSource>
																					<staticValue>          </staticValue>
																				</dataSource>
																			</textItem>
																		</contents>
																		<style>
																			<CSS value="width:30%"/>
																		</style>
																	</tableCell>
																	<tableCell>
																		<contents>
																			<table>
																				<style>
																					<defaultStyles>
																						<defaultStyle refStyle="tb"/>
																					</defaultStyles>
																					<CSS value="border-collapse:collapse;width:100%"/>
																				</style>
																				<tableRows>
																					<tableRow>
																						<tableCells>
																							<tableCell>
																								<contents>
																									<textItem>
																										<dataSource>
																											<staticValue>Envelope Name:</staticValue>
																										</dataSource>
																										<style>
																											<CSS value="font-family:Arial;font-size:10pt;font-weight:normal;font-style:normal"/>
																										</style>
																									</textItem>
																								</contents>
																								<style>
																									<CSS value="width:40%"/>
																								</style>
																							</tableCell>
																							<tableCell>
																								<contents>
																									<textItem>
																										<dataSource>
																											<reportExpression>IF ParamDisplayValue('EnvelopeNameFilter') is null THEN ('All') ELSE (ParamDisplayValue('EnvelopeNameFilter'))</reportExpression>
																										</dataSource>
																										<style>
																											<CSS value="font-family:Arial;font-size:10pt;font-weight:normal;font-style:normal"/>
																										</style>
																									</textItem>
																								</contents>
																							</tableCell>
																						</tableCells>
																					</tableRow>
																				</tableRows>
																			</table>
																		</contents>
																	</tableCell>
																</tableCells>
															</tableRow>
														</tableRows>
														<conditionalRender refVariable="ShowEnvelopeNameFilter">
															<renderFor refVariableValue="1"/>
														</conditionalRender>
													</table>
												</contents>
												<style>
													<CSS value="width:65%"/>
												</style>
											</tableCell>
											<tableCell>
												<contents/>
											</tableCell>
										</tableCells>
									</tableRow>
									<tableRow>
										<tableCells>
											<tableCell>
												<contents>
													<table>
														<style>
															<defaultStyles>
																<defaultStyle refStyle="tb"/>
															</defaultStyles>
															<CSS value="border-collapse:collapse;width:100%"/>
														</style>
														<tableRows>
															<tableRow>
																<tableCells>
																	<tableCell>
																		<contents>
																			<textItem>
																				<dataSource>
																					<staticValue>          </staticValue>
																				</dataSource>
																			</textItem>
																		</contents>
																		<style>
																			<CSS value="width:30%;text-align:right"/>
																		</style>
																	</tableCell>
																	<tableCell>
																		<contents>
																			<table>
																				<style>
																					<defaultStyles>
																						<defaultStyle refStyle="tb"/>
																					</defaultStyles>
																					<CSS value="border-collapse:collapse;width:100%"/>
																				</style>
																				<tableRows>
																					<tableRow>
																						<tableCells>
																							<tableCell>
																								<contents>
																									<textItem>
																										<dataSource>
																											<staticValue>Ack Status:</staticValue>
																										</dataSource>
																										<style>
																											<CSS value="font-family:Arial;font-size:10pt;font-weight:normal;font-style:normal"/>
																										</style>
																									</textItem>
																								</contents>
																								<style>
																									<CSS value="width:40%;vertical-align:top"/>
																								</style>
																							</tableCell>
																							<tableCell>
																								<contents>
																									<textItem>
																										<dataSource>
																											<reportExpression>ParamDisplayValue('AckStatusFilter')</reportExpression>
																										</dataSource>
																										<style>
																											<CSS value="font-family:Arial;font-size:10pt;font-weight:normal;font-style:normal"/>
																										</style>
																									</textItem>
																								</contents>
																								<style>
																									<CSS value="text-align:left"/>
																								</style>
																							</tableCell>
																						</tableCells>
																					</tableRow>
																				</tableRows>
																			</table>
																		</contents>
																		<style>
																			<CSS value="width:70%;text-align:left"/>
																		</style>
																	</tableCell>
																</tableCells>
															</tableRow>
														</tableRows>
														<conditionalRender refVariable="ShowAckStatusFilter">
															<renderFor refVariableValue="1"/>
														</conditionalRender>
													</table>
												</contents>
												<style>
													<CSS value="width:65%"/>
												</style>
											</tableCell>
											<tableCell>
												<contents/>
											</tableCell>
										</tableCells>
									</tableRow>
									<tableRow>
										<tableCells>
											<tableCell colSpan="2">
												<contents/>
												<style>
													<CSS value="height:20px"/>
												</style>
											</tableCell>
										</tableCells>
									</tableRow>
								</tableRows>
							</table>
							<list horizontalPagination="true" name="List1" refQuery="ReportQuery">
								<noDataHandler>
									<contents>
										<block>
											<contents>
												<textItem>
													<dataSource>
														<staticValue>No Data Available</staticValue>
													</dataSource>
													<style>
														<CSS value="padding:10px 18px;"/>
													</style>
												</textItem>
											</contents>
										</block>
									</contents>
								</noDataHandler>
								<style>
									<CSS value="border-collapse:collapse"/>
									<defaultStyles>
										<defaultStyle refStyle="ls"/>
									</defaultStyles>
								</style>
								<listColumns>
									<listColumn render="false">
										<listColumnTitle>
											<style>
												<defaultStyles>
													<defaultStyle refStyle="lt"/>
												</defaultStyles>
											</style>
											<contents>
												<textItem>
													<dataSource>
														<dataItemLabel refDataItem="ACK_STATUS"/>
													</dataSource>
												</textItem>
											</contents>
										</listColumnTitle>
										<listColumnBody>
											<style>
												<defaultStyles>
													<defaultStyle refStyle="lm"/>
												</defaultStyles>
											</style>
											<contents>
												<textItem>
													<dataSource>
														<dataItemValue refDataItem="ACK_STATUS"/>
													</dataSource>
												</textItem>
											</contents>
											<listColumnRowSpan refDataItem="ACK_STATUS"/>
										</listColumnBody>
									</listColumn>
									<listColumn>
										<listColumnTitle>
											<style>
												<defaultStyles>
													<defaultStyle refStyle="lt"/>
												</defaultStyles>
												<CSS value="background-color:#6F8DD9;color:white"/>
											</style>
											<contents>
												<HTMLItem>
													<dataSource>
														<staticValue>Group ACK Status&lt;br&gt;SenderID</staticValue>
													</dataSource>
												</HTMLItem>
											</contents>
										</listColumnTitle>
										<listColumnBody>
											<style>
												<defaultStyles>
													<defaultStyle refStyle="lm"/>
												</defaultStyles>
											</style>
											<contents>
												<textItem>
													<dataSource>
														<dataItemValue refDataItem="SENDER_ID"/>
													</dataSource>
												</textItem>
											</contents>
										</listColumnBody>
										<style>
											<CSS value="vertical-align:bottom"/>
										</style>
									</listColumn>
									<listColumn>
										<listColumnTitle>
											<style>
												<defaultStyles>
													<defaultStyle refStyle="lt"/>
												</defaultStyles>
												<CSS value="background-color:#6D8DD9;color:white"/>
											</style>
											<contents>
												<textItem>
													<dataSource>
														<dataItemLabel refDataItem="RECEIVER_ID"/>
													</dataSource>
												</textItem>
											</contents>
										</listColumnTitle>
										<listColumnBody>
											<style>
												<defaultStyles>
													<defaultStyle refStyle="lm"/>
												</defaultStyles>
											</style>
											<contents>
												<textItem>
													<dataSource>
														<dataItemValue refDataItem="RECEIVER_ID"/>
													</dataSource>
												</textItem>
											</contents>
										</listColumnBody>
										<style>
											<CSS value="vertical-align:bottom"/>
										</style>
									</listColumn>
									<listColumn>
										<listColumnTitle>
											<style>
												<defaultStyles>
													<defaultStyle refStyle="lt"/>
												</defaultStyles>
												<CSS value="background-color:#6D8DD9;color:white"/>
											</style>
											<contents>
												<textItem>
													<dataSource>
														<dataItemLabel refDataItem="STANDARD"/>
													</dataSource>
												</textItem>
											</contents>
										</listColumnTitle>
										<listColumnBody>
											<style>
												<defaultStyles>
													<defaultStyle refStyle="lm"/>
												</defaultStyles>
											</style>
											<contents>
												<textItem>
													<dataSource>
														<dataItemValue refDataItem="STANDARD"/>
													</dataSource>
												</textItem>
											</contents>
										</listColumnBody>
										<style>
											<CSS value="vertical-align:bottom"/>
										</style>
									</listColumn>
									<listColumn>
										<listColumnTitle>
											<style>
												<defaultStyles>
													<defaultStyle refStyle="lt"/>
												</defaultStyles>
												<CSS value="background-color:#6D8DD9;color:white"/>
											</style>
											<contents>
												<textItem>
													<dataSource>
														<dataItemLabel refDataItem="FUNCTIONAL_ID"/>
													</dataSource>
												</textItem>
											</contents>
										</listColumnTitle>
										<listColumnBody>
											<style>
												<defaultStyles>
													<defaultStyle refStyle="lm"/>
												</defaultStyles>
											</style>
											<contents>
												<textItem>
													<dataSource>
														<dataItemValue refDataItem="FUNCTIONAL_ID"/>
													</dataSource>
												</textItem>
											</contents>
										</listColumnBody>
										<style>
											<CSS value="vertical-align:bottom"/>
										</style>
									</listColumn>
									<listColumn>
										<listColumnTitle>
											<style>
												<defaultStyles>
													<defaultStyle refStyle="lt"/>
												</defaultStyles>
												<CSS value="background-color:#6F8DD9;color:white"/>
											</style>
											<contents>
												<textItem>
													<dataSource>
														<dataItemLabel refDataItem="ENVELOPE_NAME"/>
													</dataSource>
												</textItem>
											</contents>
										</listColumnTitle>
										<listColumnBody>
											<style>
												<defaultStyles>
													<defaultStyle refStyle="lm"/>
												</defaultStyles>
											</style>
											<contents>
												<textItem>
													<dataSource>
														<dataItemValue refDataItem="ENVELOPE_NAME"/>
													</dataSource>
												</textItem>
											</contents>
										</listColumnBody>
										<style>
											<CSS value="vertical-align:bottom"/>
										</style>
									</listColumn>
									<listColumn>
										<listColumnTitle>
											<style>
												<defaultStyles>
													<defaultStyle refStyle="lt"/>
												</defaultStyles>
												<CSS value="background-color:#6F8DD9;color:white"/>
											</style>
											<contents>
												<textItem>
													<dataSource>
														<dataItemLabel refDataItem="GCONTROLNUMBER"/>
													</dataSource>
												</textItem>
											</contents>
										</listColumnTitle>
										<listColumnBody>
											<style>
												<defaultStyles>
													<defaultStyle refStyle="lm"/>
												</defaultStyles>
											</style>
											<contents>
												<textItem>
													<dataSource>
														<dataItemValue refDataItem="GCONTROLNUMBER"/>
													</dataSource>
												</textItem>
											</contents>
										</listColumnBody>
										<style>
											<CSS value="vertical-align:bottom"/>
										</style>
									</listColumn>
									<listColumn>
										<listColumnTitle>
											<style>
												<defaultStyles>
													<defaultStyle refStyle="lt"/>
												</defaultStyles>
												<CSS value="background-color:#6F8DD9;color:white;vertical-align:bottom"/>
											</style>
											<contents>
												<textItem>
													<dataSource>
														<dataItemLabel refDataItem="GROUP_DATE"/>
													</dataSource>
												</textItem>
											</contents>
										</listColumnTitle>
										<listColumnBody>
											<style>
												<defaultStyles>
													<defaultStyle refStyle="lm"/>
												</defaultStyles>
											</style>
											<contents>
												<textItem>
													<dataSource>
														<dataItemValue refDataItem="GROUP_DATE"/>
													</dataSource>
												</textItem>
											</contents>
										</listColumnBody>
									</listColumn>
									<listColumn>
										<listColumnTitle>
											<style>
												<defaultStyles>
													<defaultStyle refStyle="lt"/>
												</defaultStyles>
												<CSS value="background-color:#6F8DDE;color:white"/>
											</style>
											<contents>
												<textItem>
													<dataSource>
														<dataItemLabel refDataItem="ACK_OVERDUE_TIME"/>
													</dataSource>
												</textItem>
											</contents>
										</listColumnTitle>
										<listColumnBody>
											<style>
												<defaultStyles>
													<defaultStyle refStyle="lm"/>
												</defaultStyles>
											</style>
											<contents>
												<textItem>
													<dataSource>
														<dataItemValue refDataItem="ACK_OVERDUE_TIME"/>
													</dataSource>
												</textItem>
											</contents>
										</listColumnBody>
										<style>
											<CSS value="vertical-align:bottom"/>
										</style>
									</listColumn>
									<listColumn>
										<listColumnTitle>
											<style>
												<defaultStyles>
													<defaultStyle refStyle="lt"/>
												</defaultStyles>
												<CSS value="background-color:#6F8DDE;color:white"/>
											</style>
											<contents>
												<textItem>
													<dataSource>
														<dataItemLabel refDataItem="TRANSACTIONCOUNT"/>
													</dataSource>
												</textItem>
											</contents>
										</listColumnTitle>
										<listColumnBody>
											<style>
												<defaultStyles>
													<defaultStyle refStyle="lm"/>
												</defaultStyles>
											</style>
											<contents>
												<textItem>
													<dataSource>
														<dataItemValue refDataItem="TRANSACTIONCOUNT"/>
													</dataSource>
												</textItem>
											</contents>
										</listColumnBody>
										<style>
											<CSS value="vertical-align:bottom"/>
										</style>
									</listColumn>
									<listColumn render="false">
										<listColumnTitle>
											<style>
												<defaultStyles>
													<defaultStyle refStyle="lt"/>
												</defaultStyles>
												<CSS value="background-color:#6F8DDE;color:white"/>
											</style>
											<contents>
												<textItem>
													<dataSource>
														<dataItemLabel refDataItem="StatusCnt"/>
													</dataSource>
												</textItem>
											</contents>
										</listColumnTitle>
										<listColumnBody>
											<style>
												<defaultStyles>
													<defaultStyle refStyle="lm"/>
												</defaultStyles>
											</style>
											<contents>
												<textItem>
													<dataSource>
														<dataItemValue refDataItem="StatusCnt"/>
													</dataSource>
												</textItem>
											</contents>
										</listColumnBody>
									</listColumn>
									<listColumn render="false">
										<listColumnTitle>
											<style>
												<defaultStyles>
													<defaultStyle refStyle="lt"/>
												</defaultStyles>
												<CSS value="background-color:#6F8DDE;color:white"/>
											</style>
											<contents>
												<textItem>
													<dataSource>
														<dataItemLabel refDataItem="AckStatusInGroup"/>
													</dataSource>
												</textItem>
											</contents>
										</listColumnTitle>
										<listColumnBody>
											<style>
												<defaultStyles>
													<defaultStyle refStyle="lm"/>
												</defaultStyles>
											</style>
											<contents>
												<textItem>
													<dataSource>
														<dataItemValue refDataItem="AckStatusInGroup"/>
													</dataSource>
												</textItem>
											</contents>
										</listColumnBody>
									</listColumn>
									<listColumn render="false">
										<listColumnTitle>
											<style>
												<defaultStyles>
													<defaultStyle refStyle="lt"/>
												</defaultStyles>
												<CSS value="background-color:#6F8DDE;color:white"/>
											</style>
											<contents>
												<textItem>
													<dataSource>
														<dataItemLabel refDataItem="NumOfSetsInStatus"/>
													</dataSource>
												</textItem>
											</contents>
										</listColumnTitle>
										<listColumnBody>
											<style>
												<defaultStyles>
													<defaultStyle refStyle="lm"/>
												</defaultStyles>
											</style>
											<contents>
												<textItem>
													<dataSource>
														<dataItemValue refDataItem="NumOfSetsInStatus"/>
													</dataSource>
												</textItem>
											</contents>
										</listColumnBody>
									</listColumn>
									<listColumn render="false">
										<listColumnTitle>
											<style>
												<defaultStyles>
													<defaultStyle refStyle="lt"/>
												</defaultStyles>
												<CSS value="background-color:#6F8DDE;color:white"/>
											</style>
											<contents>
												<textItem>
													<dataSource>
														<dataItemLabel refDataItem="NumOfSetsInReport"/>
													</dataSource>
												</textItem>
											</contents>
										</listColumnTitle>
										<listColumnBody>
											<style>
												<defaultStyles>
													<defaultStyle refStyle="lm"/>
												</defaultStyles>
											</style>
											<contents>
												<textItem>
													<dataSource>
														<dataItemValue refDataItem="NumOfSetsInReport"/>
													</dataSource>
												</textItem>
											</contents>
										</listColumnBody>
									</listColumn>
									<listColumn render="false">
										<listColumnTitle>
											<style>
												<defaultStyles>
													<defaultStyle refStyle="lt"/>
												</defaultStyles>
												<CSS value="background-color:#6F8DDE;color:white"/>
											</style>
											<contents>
												<textItem>
													<dataSource>
														<dataItemLabel refDataItem="NoneStatusTotal"/>
													</dataSource>
												</textItem>
											</contents>
										</listColumnTitle>
										<listColumnBody>
											<style>
												<defaultStyles>
													<defaultStyle refStyle="lm"/>
												</defaultStyles>
											</style>
											<contents>
												<textItem>
													<dataSource>
														<dataItemValue refDataItem="NoneStatusTotal"/>
													</dataSource>
												</textItem>
											</contents>
										</listColumnBody>
									</listColumn>
									<listColumn render="false">
										<listColumnTitle>
											<style>
												<defaultStyles>
													<defaultStyle refStyle="lt"/>
												</defaultStyles>
												<CSS value="background-color:#6F8DDE;color:white"/>
											</style>
											<contents>
												<textItem>
													<dataSource>
														<dataItemLabel refDataItem="WaitingStatusTotal"/>
													</dataSource>
												</textItem>
											</contents>
										</listColumnTitle>
										<listColumnBody>
											<style>
												<defaultStyles>
													<defaultStyle refStyle="lm"/>
												</defaultStyles>
											</style>
											<contents>
												<textItem>
													<dataSource>
														<dataItemValue refDataItem="WaitingStatusTotal"/>
													</dataSource>
												</textItem>
											</contents>
										</listColumnBody>
									</listColumn>
									<listColumn render="false">
										<listColumnTitle>
											<style>
												<defaultStyles>
													<defaultStyle refStyle="lt"/>
												</defaultStyles>
												<CSS value="background-color:#6F8DDE;color:white"/>
											</style>
											<contents>
												<textItem>
													<dataSource>
														<dataItemLabel refDataItem="ReceivedStatusTotal"/>
													</dataSource>
												</textItem>
											</contents>
										</listColumnTitle>
										<listColumnBody>
											<style>
												<defaultStyles>
													<defaultStyle refStyle="lm"/>
												</defaultStyles>
											</style>
											<contents>
												<textItem>
													<dataSource>
														<dataItemValue refDataItem="ReceivedStatusTotal"/>
													</dataSource>
												</textItem>
											</contents>
										</listColumnBody>
									</listColumn>
									<listColumn render="false">
										<listColumnTitle>
											<style>
												<defaultStyles>
													<defaultStyle refStyle="lt"/>
												</defaultStyles>
												<CSS value="background-color:#6F8DDE;color:white"/>
											</style>
											<contents>
												<textItem>
													<dataSource>
														<dataItemLabel refDataItem="AcceptedStatusTotal"/>
													</dataSource>
												</textItem>
											</contents>
										</listColumnTitle>
										<listColumnBody>
											<style>
												<defaultStyles>
													<defaultStyle refStyle="lm"/>
												</defaultStyles>
											</style>
											<contents>
												<textItem>
													<dataSource>
														<dataItemValue refDataItem="AcceptedStatusTotal"/>
													</dataSource>
												</textItem>
											</contents>
										</listColumnBody>
									</listColumn>
									<listColumn render="false">
										<listColumnTitle>
											<style>
												<defaultStyles>
													<defaultStyle refStyle="lt"/>
												</defaultStyles>
												<CSS value="background-color:#6F8DDE;color:white"/>
											</style>
											<contents>
												<textItem>
													<dataSource>
														<dataItemLabel refDataItem="PartiallyAcceptedStatusTotal"/>
													</dataSource>
												</textItem>
											</contents>
										</listColumnTitle>
										<listColumnBody>
											<style>
												<defaultStyles>
													<defaultStyle refStyle="lm"/>
												</defaultStyles>
											</style>
											<contents>
												<textItem>
													<dataSource>
														<dataItemValue refDataItem="PartiallyAcceptedStatusTotal"/>
													</dataSource>
												</textItem>
											</contents>
										</listColumnBody>
									</listColumn>
									<listColumn render="false">
										<listColumnTitle>
											<style>
												<defaultStyles>
													<defaultStyle refStyle="lt"/>
												</defaultStyles>
												<CSS value="background-color:#6F8DDE;color:white"/>
											</style>
											<contents>
												<textItem>
													<dataSource>
														<dataItemLabel refDataItem="AcceptedWithErrorsStatusTotal"/>
													</dataSource>
												</textItem>
											</contents>
										</listColumnTitle>
										<listColumnBody>
											<style>
												<defaultStyles>
													<defaultStyle refStyle="lm"/>
												</defaultStyles>
											</style>
											<contents>
												<textItem>
													<dataSource>
														<dataItemValue refDataItem="AcceptedWithErrorsStatusTotal"/>
													</dataSource>
												</textItem>
											</contents>
										</listColumnBody>
									</listColumn>
									<listColumn render="false">
										<listColumnTitle>
											<style>
												<defaultStyles>
													<defaultStyle refStyle="lt"/>
												</defaultStyles>
												<CSS value="background-color:#6F8DDE;color:white"/>
											</style>
											<contents>
												<textItem>
													<dataSource>
														<dataItemLabel refDataItem="ManuallyAcceptedStatusTotal"/>
													</dataSource>
												</textItem>
											</contents>
										</listColumnTitle>
										<listColumnBody>
											<style>
												<defaultStyles>
													<defaultStyle refStyle="lm"/>
												</defaultStyles>
											</style>
											<contents>
												<textItem>
													<dataSource>
														<dataItemValue refDataItem="ManuallyAcceptedStatusTotal"/>
													</dataSource>
												</textItem>
											</contents>
										</listColumnBody>
									</listColumn>
									<listColumn render="false">
										<listColumnTitle>
											<style>
												<defaultStyles>
													<defaultStyle refStyle="lt"/>
												</defaultStyles>
												<CSS value="background-color:#6F8DDE;color:white"/>
											</style>
											<contents>
												<textItem>
													<dataSource>
														<dataItemLabel refDataItem="RejectedStatusTotal"/>
													</dataSource>
												</textItem>
											</contents>
										</listColumnTitle>
										<listColumnBody>
											<style>
												<defaultStyles>
													<defaultStyle refStyle="lm"/>
												</defaultStyles>
											</style>
											<contents>
												<textItem>
													<dataSource>
														<dataItemValue refDataItem="RejectedStatusTotal"/>
													</dataSource>
												</textItem>
											</contents>
										</listColumnBody>
									</listColumn>
									<listColumn render="false">
										<listColumnTitle>
											<style>
												<defaultStyles>
													<defaultStyle refStyle="lt"/>
												</defaultStyles>
												<CSS value="background-color:#6F8DDE;color:white"/>
											</style>
											<contents>
												<textItem>
													<dataSource>
														<dataItemLabel refDataItem="OverdueStatusTotal"/>
													</dataSource>
												</textItem>
											</contents>
										</listColumnTitle>
										<listColumnBody>
											<style>
												<defaultStyles>
													<defaultStyle refStyle="lm"/>
												</defaultStyles>
											</style>
											<contents>
												<textItem>
													<dataSource>
														<dataItemValue refDataItem="OverdueStatusTotal"/>
													</dataSource>
												</textItem>
											</contents>
										</listColumnBody>
									</listColumn>
								</listColumns>
								<listGroups>
									<listGroup refDataItem="ACK_STATUS">
										<listHeader>
											<listRows>
												<listRow>
													<rowCells>
														<rowCell colSpan="23">
															<contents>
																<textItem>
																	<dataSource>
																		<dataItemValue refDataItem="ACK_STATUS"/>
																	</dataSource>
																</textItem>
															</contents>
															<style>
																<defaultStyles>
																	<defaultStyle refStyle="oh"/>
																</defaultStyles>
																<CSS value="background-color:white;color:black"/>
															</style>
														</rowCell>
													</rowCells>
												</listRow>
											</listRows>
										</listHeader>
										<listFooter>
											<listRows>
												<listRow>
													<rowCellsStyle>
														<style>
															<CSS value="background-color:white"/>
														</style>
													</rowCellsStyle>
													<rowCells>
														<rowCell colSpan="23">
															<contents>
																<table>
																	<style>
																		<defaultStyles>
																			<defaultStyle refStyle="tb"/>
																		</defaultStyles>
																		<CSS value="border-collapse:collapse;width:100%"/>
																	</style>
																	<tableRows>
																		<tableRow>
																			<tableCells>
																				<tableCell>
																					<contents/>
																					<style>
																						<CSS value="width:25%;height:25px"/>
																					</style>
																				</tableCell>
																				<tableCell>
																					<contents/>
																					<style>
																						<CSS value="height:25px"/>
																					</style>
																				</tableCell>
																			</tableCells>
																		</tableRow>
																		<tableRow>
																			<tableCells>
																				<tableCell>
																					<contents>
																						<textItem>
																							<dataSource>
																								<staticValue>TOTALS:</staticValue>
																							</dataSource>
																							<style>
																								<CSS value="font-family:Arial;font-size:9pt;font-weight:normal;font-style:normal"/>
																							</style>
																						</textItem>
																					</contents>
																					<style>
																						<CSS value="text-align:left"/>
																					</style>
																				</tableCell>
																				<tableCell>
																					<contents/>
																				</tableCell>
																			</tableCells>
																		</tableRow>
																		<tableRow>
																			<tableCells>
																				<tableCell colSpan="2">
																					<contents/>
																					<style>
																						<CSS value="height:10px"/>
																					</style>
																				</tableCell>
																			</tableCells>
																		</tableRow>
																		<tableRow>
																			<tableCells>
																				<tableCell>
																					<contents>
																						<textItem>
																							<dataSource>
																								<reportExpression>'     ' + [ReportQuery].[ACK_STATUS] + '          '</reportExpression>
																							</dataSource>
																							<style>
																								<CSS value="font-family:Arial;font-size:9pt;font-weight:normal;font-style:normal"/>
																							</style>
																						</textItem>
																					</contents>
																					<style>
																						<CSS value="text-align:left"/>
																					</style>
																				</tableCell>
																				<tableCell>
																					<contents>
																						<textItem>
																							<dataSource>
																								<reportExpression>[ReportQuery].[StatusCnt]</reportExpression>
																							</dataSource>
																							<style>
																								<CSS value="font-family:Arial;font-size:9pt;font-weight:normal;font-style:normal"/>
																							</style>
																						</textItem>
																					</contents>
																					<style>
																						<CSS value="text-align:left"/>
																					</style>
																				</tableCell>
																			</tableCells>
																		</tableRow>
																		<tableRow>
																			<tableCells>
																				<tableCell>
																					<contents>
																						<textItem>
																							<dataSource>
																								<staticValue>     TRANS TOTAL          </staticValue>
																							</dataSource>
																							<style>
																								<CSS value="font-family:Arial;font-size:9pt;font-weight:normal;font-style:normal"/>
																							</style>
																						</textItem>
																					</contents>
																					<style>
																						<CSS value="text-align:left"/>
																					</style>
																				</tableCell>
																				<tableCell>
																					<contents>
																						<textItem>
																							<dataSource>
																								<reportExpression>[ReportQuery].[NumOfSetsInStatus]</reportExpression>
																							</dataSource>
																							<style>
																								<CSS value="font-family:Arial;font-size:9pt;font-weight:normal;font-style:normal"/>
																							</style>
																						</textItem>
																					</contents>
																					<style>
																						<CSS value="text-align:left"/>
																					</style>
																				</tableCell>
																			</tableCells>
																		</tableRow>
																		<tableRow>
																			<tableCells>
																				<tableCell>
																					<contents/>
																					<style>
																						<CSS value="height:10px"/>
																					</style>
																				</tableCell>
																				<tableCell>
																					<contents/>
																				</tableCell>
																			</tableCells>
																		</tableRow>
																	</tableRows>
																</table>
															</contents>
															<style>
																<defaultStyles>
																	<defaultStyle refStyle="of"/>
																</defaultStyles>
															</style>
														</rowCell>
													</rowCells>
												</listRow>
											</listRows>
										</listFooter>
									</listGroup>
								</listGroups>
								<listPageFooter>
									<listRows>
										<listRow>
											<rowCells>
												<rowCell colSpan="23">
													<contents>
														<table>
															<style>
																<defaultStyles>
																	<defaultStyle refStyle="tb"/>
																</defaultStyles>
																<CSS value="border-collapse:collapse;width:100%"/>
															</style>
															<tableRows>
																<tableRow>
																	<tableCells>
																		<tableCell colSpan="2">
																			<contents>
																				<textItem>
																					<dataSource>
																						<staticValue>Summary</staticValue>
																					</dataSource>
																					<style>
																						<CSS value="font-family:Arial;font-size:10pt;font-weight:bold;font-style:normal;color:white"/>
																					</style>
																				</textItem>
																			</contents>
																			<style>
																				<CSS value="height:25px"/>
																			</style>
																		</tableCell>
																	</tableCells>
																	<style>
																		<CSS value="background-color:#0033CC"/>
																	</style>
																</tableRow>
																<tableRow>
																	<tableCells>
																		<tableCell>
																			<contents>
																				<textItem>
																					<dataSource>
																						<staticValue>Grand Totals:</staticValue>
																					</dataSource>
																					<style>
																						<CSS value="font-family:Arial;font-size:9pt;font-weight:bold;font-style:normal"/>
																					</style>
																				</textItem>
																			</contents>
																			<style>
																				<CSS value="text-align:left;width:25%"/>
																			</style>
																		</tableCell>
																		<tableCell>
																			<contents/>
																		</tableCell>
																	</tableCells>
																</tableRow>
																<tableRow>
																	<tableCells>
																		<tableCell colSpan="2">
																			<contents/>
																			<style>
																				<CSS value="height:10px"/>
																			</style>
																		</tableCell>
																	</tableCells>
																</tableRow>
																<tableRow>
																	<tableCells>
																		<tableCell>
																			<contents>
																				<textItem>
																					<dataSource>
																						<staticValue>     NONE:     </staticValue>
																					</dataSource>
																					<style>
																						<CSS value="font-family:Arial;font-size:9pt;font-weight:normal;font-style:normal"/>
																					</style>
																				</textItem>
																			</contents>
																			<style>
																				<CSS value="text-align:left"/>
																			</style>
																		</tableCell>
																		<tableCell>
																			<contents>
																				<textItem>
																					<dataSource>
																						<reportExpression>[ReportQuery].[NoneStatusTotal]</reportExpression>
																					</dataSource>
																					<style>
																						<CSS value="font-family:Arial;font-size:9pt;font-weight:normal;font-style:normal"/>
																					</style>
																				</textItem>
																			</contents>
																			<style>
																				<CSS value="text-align:left;width:80%"/>
																			</style>
																		</tableCell>
																	</tableCells>
																</tableRow>
																<tableRow>
																	<tableCells>
																		<tableCell>
																			<contents>
																				<textItem>
																					<dataSource>
																						<staticValue>     WAITING:     </staticValue>
																					</dataSource>
																					<style>
																						<CSS value="font-family:Arial;font-size:9pt;font-weight:normal;font-style:normal"/>
																					</style>
																				</textItem>
																			</contents>
																			<style>
																				<CSS value="text-align:left"/>
																			</style>
																		</tableCell>
																		<tableCell>
																			<contents>
																				<textItem>
																					<dataSource>
																						<reportExpression>[ReportQuery].[WaitingStatusTotal]</reportExpression>
																					</dataSource>
																					<style>
																						<CSS value="font-family:Arial;font-size:9pt;font-weight:normal;font-style:normal"/>
																					</style>
																				</textItem>
																			</contents>
																			<style>
																				<CSS value="text-align:left"/>
																			</style>
																		</tableCell>
																	</tableCells>
																</tableRow>
																<tableRow>
																	<tableCells>
																		<tableCell>
																			<contents>
																				<textItem>
																					<dataSource>
																						<staticValue>     RECEIVED:     </staticValue>
																					</dataSource>
																					<style>
																						<CSS value="font-family:Arial;font-size:9pt;font-weight:normal;font-style:normal"/>
																					</style>
																				</textItem>
																			</contents>
																			<style>
																				<CSS value="text-align:left"/>
																			</style>
																		</tableCell>
																		<tableCell>
																			<contents>
																				<textItem>
																					<dataSource>
																						<reportExpression>[ReportQuery].[ReceivedStatusTotal]</reportExpression>
																					</dataSource>
																					<style>
																						<CSS value="font-family:Arial;font-size:9pt;font-weight:normal;font-style:normal"/>
																					</style>
																				</textItem>
																			</contents>
																			<style>
																				<CSS value="text-align:left"/>
																			</style>
																		</tableCell>
																	</tableCells>
																</tableRow>
																<tableRow>
																	<tableCells>
																		<tableCell>
																			<contents>
																				<textItem>
																					<dataSource>
																						<staticValue>     ACCEPTED:     </staticValue>
																					</dataSource>
																					<style>
																						<CSS value="font-family:Arial;font-size:9pt;font-weight:normal;font-style:normal"/>
																					</style>
																				</textItem>
																			</contents>
																			<style>
																				<CSS value="text-align:left"/>
																			</style>
																		</tableCell>
																		<tableCell>
																			<contents>
																				<textItem>
																					<dataSource>
																						<reportExpression>[ReportQuery].[AcceptedStatusTotal]</reportExpression>
																					</dataSource>
																					<style>
																						<CSS value="font-family:Arial;font-size:9pt;font-weight:normal;font-style:normal"/>
																					</style>
																				</textItem>
																			</contents>
																			<style>
																				<CSS value="text-align:left"/>
																			</style>
																		</tableCell>
																	</tableCells>
																</tableRow>
																<tableRow>
																	<tableCells>
																		<tableCell>
																			<contents>
																				<textItem>
																					<dataSource>
																						<staticValue>     PARTIALLY ACCEPTED:     </staticValue>
																					</dataSource>
																					<style>
																						<CSS value="font-family:Arial;font-size:9pt;font-weight:normal;font-style:normal"/>
																					</style>
																				</textItem>
																			</contents>
																			<style>
																				<CSS value="text-align:left"/>
																			</style>
																		</tableCell>
																		<tableCell>
																			<contents>
																				<textItem>
																					<dataSource>
																						<reportExpression>[ReportQuery].[PartiallyAcceptedStatusTotal]</reportExpression>
																					</dataSource>
																					<style>
																						<CSS value="font-family:Arial;font-size:9pt;font-weight:normal;font-style:normal"/>
																					</style>
																				</textItem>
																			</contents>
																			<style>
																				<CSS value="text-align:left"/>
																			</style>
																		</tableCell>
																	</tableCells>
																</tableRow>
																<tableRow>
																	<tableCells>
																		<tableCell>
																			<contents>
																				<textItem>
																					<dataSource>
																						<staticValue>     ACCEPTED WITH ERRORS:     </staticValue>
																					</dataSource>
																					<style>
																						<CSS value="font-family:Arial;font-size:9pt;font-weight:normal;font-style:normal"/>
																					</style>
																				</textItem>
																			</contents>
																			<style>
																				<CSS value="text-align:left"/>
																			</style>
																		</tableCell>
																		<tableCell>
																			<contents>
																				<textItem>
																					<dataSource>
																						<reportExpression>[ReportQuery].[AcceptedWithErrorsStatusTotal]</reportExpression>
																					</dataSource>
																					<style>
																						<CSS value="font-family:Arial;font-size:9pt;font-weight:normal;font-style:normal"/>
																					</style>
																				</textItem>
																			</contents>
																			<style>
																				<CSS value="text-align:left"/>
																			</style>
																		</tableCell>
																	</tableCells>
																</tableRow>
																<tableRow>
																	<tableCells>
																		<tableCell>
																			<contents>
																				<textItem>
																					<dataSource>
																						<staticValue>     MANUALLY ACCEPTED:     </staticValue>
																					</dataSource>
																					<style>
																						<CSS value="font-family:Arial;font-size:9pt;font-weight:normal;font-style:normal"/>
																					</style>
																				</textItem>
																			</contents>
																			<style>
																				<CSS value="text-align:left"/>
																			</style>
																		</tableCell>
																		<tableCell>
																			<contents>
																				<textItem>
																					<dataSource>
																						<reportExpression>[ReportQuery].[ManuallyAcceptedStatusTotal]</reportExpression>
																					</dataSource>
																					<style>
																						<CSS value="font-family:Arial;font-size:9pt;font-weight:normal;font-style:normal"/>
																					</style>
																				</textItem>
																			</contents>
																			<style>
																				<CSS value="text-align:left"/>
																			</style>
																		</tableCell>
																	</tableCells>
																</tableRow>
																<tableRow>
																	<tableCells>
																		<tableCell>
																			<contents>
																				<textItem>
																					<dataSource>
																						<staticValue>     REJECTED:     </staticValue>
																					</dataSource>
																					<style>
																						<CSS value="font-family:Arial;font-size:9pt;font-weight:normal;font-style:normal"/>
																					</style>
																				</textItem>
																			</contents>
																			<style>
																				<CSS value="text-align:left"/>
																			</style>
																		</tableCell>
																		<tableCell>
																			<contents>
																				<textItem>
																					<dataSource>
																						<reportExpression>[ReportQuery].[RejectedStatusTotal]</reportExpression>
																					</dataSource>
																					<style>
																						<CSS value="font-family:Arial;font-size:9pt;font-weight:normal;font-style:normal"/>
																					</style>
																				</textItem>
																			</contents>
																			<style>
																				<CSS value="text-align:left"/>
																			</style>
																		</tableCell>
																	</tableCells>
																</tableRow>
																<tableRow>
																	<tableCells>
																		<tableCell>
																			<contents>
																				<textItem>
																					<dataSource>
																						<staticValue>     OVERDUE:     </staticValue>
																					</dataSource>
																					<style>
																						<CSS value="font-family:Arial;font-size:9pt;font-weight:normal;font-style:normal"/>
																					</style>
																				</textItem>
																			</contents>
																			<style>
																				<CSS value="text-align:left"/>
																			</style>
																		</tableCell>
																		<tableCell>
																			<contents>
																				<textItem>
																					<dataSource>
																						<reportExpression>[ReportQuery].[OverdueStatusTotal]</reportExpression>
																					</dataSource>
																					<style>
																						<CSS value="font-family:Arial;font-size:9pt;font-weight:normal;font-style:normal"/>
																					</style>
																				</textItem>
																			</contents>
																			<style>
																				<CSS value="text-align:left"/>
																			</style>
																		</tableCell>
																	</tableCells>
																</tableRow>
																<tableRow>
																	<tableCells>
																		<tableCell>
																			<contents>
																				<textItem>
																					<dataSource>
																						<staticValue>     TRANS TOTAL:     </staticValue>
																					</dataSource>
																					<style>
																						<CSS value="font-family:Arial;font-size:9pt;font-weight:normal;font-style:normal"/>
																					</style>
																				</textItem>
																			</contents>
																			<style>
																				<CSS value="text-align:left"/>
																			</style>
																		</tableCell>
																		<tableCell>
																			<contents>
																				<textItem>
																					<dataSource>
																						<reportExpression>[ReportQuery].[NumOfSetsInReport]</reportExpression>
																					</dataSource>
																					<style>
																						<CSS value="font-family:Arial;font-size:9pt;font-weight:normal;font-style:normal"/>
																					</style>
																				</textItem>
																			</contents>
																			<style>
																				<CSS value="text-align:left"/>
																			</style>
																		</tableCell>
																	</tableCells>
																</tableRow>
															</tableRows>
														</table>
													</contents>
													<style>
														<defaultStyles>
															<defaultStyle refStyle="lf"/>
														</defaultStyles>
													</style>
												</rowCell>
											</rowCells>
										</listRow>
									</listRows>
								</listPageFooter>
							</list>
						</contents>
					</pageBody>
				</page>
			</reportPages>
			<promptPages>
				<page name="FilterPage">
					<pageHeader>
						<contents>
							<block>
								<contents>
									<table>
										<style>
											<defaultStyles>
												<defaultStyle refStyle="tb"/>
											</defaultStyles>
											<CSS value="border-collapse:collapse;width:100%"/>
										</style>
										<tableRows>
											<tableRow>
												<tableCells>
													<tableCell>
														<contents/>
														<style>
															<CSS value="width:27%;height:30px"/>
														</style>
													</tableCell>
													<tableCell>
														<contents>
															<textItem>
																<dataSource>
																	<staticValue>Detail Filtering</staticValue>
																</dataSource>
																<style>
																	<CSS value="font-family:Arial;font-size:14pt;font-weight:normal;font-style:normal;color:#515151"/>
																</style>
															</textItem>
														</contents>
														<style>
															<CSS value="text-align:left;vertical-align:bottom"/>
														</style>
													</tableCell>
													<tableCell>
														<contents/>
														<style>
															<CSS value="width:10%"/>
														</style>
													</tableCell>
												</tableCells>
											</tableRow>
										</tableRows>
									</table>
								</contents>
								<style>
									<defaultStyles>
										<defaultStyle refStyle="ta"/>
									</defaultStyles>
								</style>
							</block>
						</contents>
						<style>
							<defaultStyles>
								<defaultStyle refStyle="hp"/>
							</defaultStyles>
						</style>
					</pageHeader>
					<pageBody>
						<contents>
							<table>
								<style>
									<defaultStyles>
										<defaultStyle refStyle="tb"/>
									</defaultStyles>
									<CSS value="border-collapse:collapse;width:100%"/>
								</style>
								<tableRows>
									<tableRow>
										<tableCells>
											<tableCell colSpan="7">
												<contents/>
												<style>
													<CSS value="height:50px"/>
												</style>
											</tableCell>
										</tableCells>
									</tableRow>
									<tableRow>
										<tableCells>
											<tableCell>
												<contents/>
												<style>
													<CSS value="width:10%;height:50px"/>
												</style>
											</tableCell>
											<tableCell>
												<contents/>
												<style>
													<CSS value="width:2%;border-top:1pt solid #5475A0;border-left:1pt solid #5475A0"/>
												</style>
											</tableCell>
											<tableCell>
												<contents>
													<textItem>
														<dataSource>
															<staticValue>Sender ID:</staticValue>
														</dataSource>
														<style>
															<CSS value="font-family:Arial;font-size:12pt;font-weight:bold;font-style:normal;color:#5475A0"/>
														</style>
													</textItem>
												</contents>
												<style>
													<CSS value="width:20%;vertical-align:bottom;border-top:1pt solid #5475A0"/>
												</style>
											</tableCell>
											<tableCell>
												<contents/>
												<style>
													<CSS value="width:7%;vertical-align:bottom;border-top:1pt solid #5475A0"/>
												</style>
											</tableCell>
											<tableCell>
												<contents>
													<textItem>
														<dataSource>
															<staticValue>Receiver ID:</staticValue>
														</dataSource>
														<style>
															<CSS value="font-family:Arial;font-size:12pt;font-weight:bold;font-style:normal;color:#5475A0"/>
														</style>
													</textItem>
												</contents>
												<style>
													<CSS value="width:20%;vertical-align:bottom;border-top:1pt solid #5475A0"/>
												</style>
											</tableCell>
											<tableCell>
												<contents/>
												<style>
													<CSS value="width:2%;border-top:1pt solid #5475A0;border-right:1pt solid #5475A0"/>
												</style>
											</tableCell>
											<tableCell>
												<contents/>
											</tableCell>
										</tableCells>
									</tableRow>
									<tableRow>
										<tableCells>
											<tableCell>
												<contents/>
											</tableCell>
											<tableCell>
												<contents/>
												<style>
													<CSS value="border-left:1pt solid #5475A0"/>
												</style>
											</tableCell>
											<tableCell>
												<contents>
													<selectValue parameter="SenderIDFilter" refQuery="SenderIDList" required="false" hideAdornments="true">
														<useItem refDataItem="SENDER_ID">
															<displayItem refDataItem="SENDER_ID_VALUE"/>
														</useItem>
														<headerText>
															<defaultText>All</defaultText>
														</headerText>
													</selectValue>
												</contents>
											</tableCell>
											<tableCell>
												<contents/>
											</tableCell>
											<tableCell>
												<contents>
													<selectValue parameter="ReceiverIDFilter" refQuery="ReceiverIDList" required="false" hideAdornments="true">
														<useItem refDataItem="RECEIVER_ID">
															<displayItem refDataItem="RECEIVER_ID_VALUE"/>
														</useItem>
														<headerText>
															<defaultText>All</defaultText>
														</headerText>
													</selectValue>
												</contents>
											</tableCell>
											<tableCell>
												<contents/>
												<style>
													<CSS value="border-right:1pt solid #5475A0"/>
												</style>
											</tableCell>
											<tableCell>
												<contents/>
											</tableCell>
										</tableCells>
									</tableRow>
									<tableRow>
										<tableCells>
											<tableCell>
												<contents/>
												<style>
													<CSS value="height:30px"/>
												</style>
											</tableCell>
											<tableCell>
												<contents/>
												<style>
													<CSS value="border-left:1pt solid #5475A0"/>
												</style>
											</tableCell>
											<tableCell>
												<contents/>
											</tableCell>
											<tableCell>
												<contents/>
											</tableCell>
											<tableCell>
												<contents/>
											</tableCell>
											<tableCell>
												<contents/>
												<style>
													<CSS value="border-right:1pt solid #5475A0"/>
												</style>
											</tableCell>
											<tableCell>
												<contents/>
											</tableCell>
										</tableCells>
									</tableRow>
									<tableRow>
										<tableCells>
											<tableCell>
												<contents/>
											</tableCell>
											<tableCell>
												<contents/>
												<style>
													<CSS value="border-left:1pt solid #5475A0"/>
												</style>
											</tableCell>
											<tableCell>
												<contents>
													<textItem>
														<dataSource>
															<staticValue>Standard:</staticValue>
														</dataSource>
														<style>
															<CSS value="font-family:Arial;font-size:12pt;font-weight:bold;font-style:normal;color:#5475A0"/>
														</style>
													</textItem>
												</contents>
											</tableCell>
											<tableCell>
												<contents/>
											</tableCell>
											<tableCell>
												<contents>
													<textItem>
														<dataSource>
															<staticValue>Envelope Name:</staticValue>
														</dataSource>
														<style>
															<CSS value="font-family:Arial;font-size:12pt;font-weight:bold;font-style:normal;color:#5475A0"/>
														</style>
													</textItem>
												</contents>
											</tableCell>
											<tableCell>
												<contents/>
												<style>
													<CSS value="border-right:1pt solid #5475A0"/>
												</style>
											</tableCell>
											<tableCell>
												<contents/>
											</tableCell>
										</tableCells>
									</tableRow>
									<tableRow>
										<tableCells>
											<tableCell>
												<contents/>
											</tableCell>
											<tableCell>
												<contents/>
												<style>
													<CSS value="border-left:1pt solid #5475A0"/>
												</style>
											</tableCell>
											<tableCell>
												<contents>
													<selectValue parameter="StandardFilter" required="false" hideAdornments="true">
														<selectOptions>
															<selectOption useValue="EDI-X12">
																<displayValue>EDI-X12</displayValue>
															</selectOption>
															<selectOption useValue="EDIFACT">
																<displayValue>EDIFACT</displayValue>
															</selectOption>
														</selectOptions>
														<headerText>
															<defaultText>All</defaultText>
														</headerText>
													</selectValue>
												</contents>
											</tableCell>
											<tableCell>
												<contents/>
											</tableCell>
											<tableCell>
												<contents>
													<selectValue parameter="EnvelopeNameFilter" refQuery="EnvelopeNameList" required="false" hideAdornments="true">
														<useItem refDataItem="ENVELOPE_NAME">
															<displayItem refDataItem="ENVELOPE_NAME_VALUE"/>
														</useItem>
														<headerText>
															<defaultText>All</defaultText>
														</headerText>
													</selectValue>
												</contents>
											</tableCell>
											<tableCell>
												<contents/>
												<style>
													<CSS value="border-right:1pt solid #5475A0"/>
												</style>
											</tableCell>
											<tableCell>
												<contents/>
											</tableCell>
										</tableCells>
									</tableRow>
									<tableRow>
										<tableCells>
											<tableCell>
												<contents/>
												<style>
													<CSS value="height:30px"/>
												</style>
											</tableCell>
											<tableCell>
												<contents/>
												<style>
													<CSS value="border-left:1pt solid #5475A0"/>
												</style>
											</tableCell>
											<tableCell>
												<contents/>
											</tableCell>
											<tableCell>
												<contents/>
											</tableCell>
											<tableCell>
												<contents/>
											</tableCell>
											<tableCell>
												<contents/>
												<style>
													<CSS value="border-right:1pt solid #5475A0"/>
												</style>
											</tableCell>
											<tableCell>
												<contents/>
											</tableCell>
										</tableCells>
									</tableRow>
									<tableRow>
										<tableCells>
											<tableCell>
												<contents/>
											</tableCell>
											<tableCell>
												<contents/>
												<style>
													<CSS value="border-left:1pt solid #5475A0"/>
												</style>
											</tableCell>
											<tableCell>
												<contents>
													<textItem>
														<dataSource>
															<staticValue>Acknowledgment Status:</staticValue>
														</dataSource>
														<style>
															<CSS value="font-family:Arial;font-size:12pt;font-weight:bold;font-style:normal;color:#5475A0"/>
														</style>
													</textItem>
												</contents>
											</tableCell>
											<tableCell>
												<contents/>
											</tableCell>
											<tableCell>
												<contents/>
											</tableCell>
											<tableCell>
												<contents/>
												<style>
													<CSS value="border-right:1pt solid #5475A0"/>
												</style>
											</tableCell>
											<tableCell>
												<contents/>
											</tableCell>
										</tableCells>
									</tableRow>
									<tableRow>
										<tableCells>
											<tableCell>
												<contents/>
											</tableCell>
											<tableCell>
												<contents/>
												<style>
													<CSS value="border-left:1pt solid #5475A0"/>
												</style>
											</tableCell>
											<tableCell>
												<contents>
													<selectValue parameter="AckStatusFilter" multiSelect="true" required="false" selectValueUI="checkboxGroup" hideAdornments="true">
														<style>
															<CSS value="font-family:Arial;font-size:10pt;font-weight:normal;font-style:normal"/>
														</style>
														<selectOptions>
															<selectOption useValue="NONE">
																<displayValue>None</displayValue>
															</selectOption>
															<selectOption useValue="WAITING">
																<displayValue>Waiting</displayValue>
															</selectOption>
															<selectOption useValue="RECEIVED">
																<displayValue>Received</displayValue>
															</selectOption>
															<selectOption useValue="ACCEPTED">
																<displayValue>Accepted</displayValue>
															</selectOption>
															<selectOption useValue="PARTIALLY ACCEPTED">
																<displayValue>Partially Accepted</displayValue>
															</selectOption>
															<selectOption useValue="ACCEPTED WITH ERRORS">
																<displayValue>Accepted With Errors</displayValue>
															</selectOption>
															<selectOption useValue="MANUALLY ACCEPTED">
																<displayValue>Manually Accepted</displayValue>
															</selectOption>
															<selectOption useValue="REJECTED">
																<displayValue>Rejected</displayValue>
															</selectOption>
															<selectOption useValue="OVERDUE">
																<displayValue>Overdue</displayValue>
															</selectOption>
														</selectOptions>
													</selectValue>
												</contents>
											</tableCell>
											<tableCell>
												<contents/>
											</tableCell>
											<tableCell>
												<contents/>
											</tableCell>
											<tableCell>
												<contents/>
												<style>
													<CSS value="border-right:1pt solid #5475A0"/>
												</style>
											</tableCell>
											<tableCell>
												<contents/>
											</tableCell>
										</tableCells>
									</tableRow>
									<tableRow>
										<tableCells>
											<tableCell>
												<contents/>
												<style>
													<CSS value="height:50px"/>
												</style>
											</tableCell>
											<tableCell>
												<contents/>
												<style>
													<CSS value="border-bottom:1pt solid #5475A0;border-left:1pt solid #5475A0"/>
												</style>
											</tableCell>
											<tableCell>
												<contents/>
												<style>
													<CSS value="border-bottom:1pt solid #5475A0"/>
												</style>
											</tableCell>
											<tableCell>
												<contents/>
												<style>
													<CSS value="border-bottom:1pt solid #5475A0"/>
												</style>
											</tableCell>
											<tableCell>
												<contents/>
												<style>
													<CSS value="border-bottom:1pt solid #5475A0"/>
												</style>
											</tableCell>
											<tableCell>
												<contents/>
												<style>
													<CSS value="border-bottom:1pt solid #5475A0;border-right:1pt solid #5475A0"/>
												</style>
											</tableCell>
											<tableCell>
												<contents/>
											</tableCell>
										</tableCells>
									</tableRow>
								</tableRows>
							</table>
						</contents>
						<style>
							<defaultStyles>
								<defaultStyle refStyle="py"/>
							</defaultStyles>
						</style>
					</pageBody>
					<pageFooter>
						<contents>
							<promptButton type="cancel">
								<contents/>
								<style>
									<defaultStyles>
										<defaultStyle refStyle="bp"/>
									</defaultStyles>
								</style>
							</promptButton>
							<promptButton type="back">
								<contents/>
								<style>
									<defaultStyles>
										<defaultStyle refStyle="bp"/>
									</defaultStyles>
								</style>
							</promptButton>
							<promptButton type="next">
								<contents/>
								<style>
									<defaultStyles>
										<defaultStyle refStyle="bp"/>
									</defaultStyles>
								</style>
							</promptButton>
							<promptButton type="finish">
								<contents/>
								<style>
									<defaultStyles>
										<defaultStyle refStyle="bp"/>
									</defaultStyles>
								</style>
							</promptButton>
						</contents>
						<style>
							<defaultStyles>
								<defaultStyle refStyle="fp"/>
							</defaultStyles>
						</style>
					</pageFooter>
					<style>
						<defaultStyles>
							<defaultStyle refStyle="pp"/>
						</defaultStyles>
					</style>
				</page>
			</promptPages>
		</layout>
	</layouts>
	<XMLAttributes>
		<XMLAttribute output="no" name="RS_CreateExtendedDataItems" value="true"/>
		<XMLAttribute output="no" name="listSeparator" value=","/>
		<XMLAttribute output="no" name="RS_modelModificationTime" value="2016-04-21T13:41:59.786Z"/>
	</XMLAttributes>
	<reportName>EDIOutAck_Group_ByAckStatus</reportName>
	<queries>
		<query name="ReportQuery">
			<source>
				<sqlQuery name="ReportSQL" dataSource="SCCReportDatasource" type="cogSQL">
					<sqlText>SELECT cg.ENVELOPE_NAME, cg.SENDER_ID, cg.RECEIVER_ID, cg.CONTROL_NUMBER as GControlNumber, cg.COMPLIANCE_STATUS, cg.CREATE_DATE, cg.GROUP_DATE, cg.DIRECTION, cg.STANDARD, cg.FUNCTIONAL_ID, cg.ACK_STATUS, cg.ACK_OVERDUE_TIME, cg.DOCUMENT_SIZE,cg.CHILD_COUNT as TransactionCount FROM SPE_CORRELATION_GROUP cg LEFT OUTER JOIN SPE_CORRELATION_TRANSACTION ct ON cg.OBJECT_ID = ct.OBJECT_ID OR cg.OBJECT_ID = ct.CONTAINER_DOC_ID WHERE cg.DIRECTION = 'Outbound'</sqlText>
					<mdProjectedItems>
						<mdProjectedItem name="ENVELOPE_NAME"/>
						<mdProjectedItem name="SENDER_ID"/>
						<mdProjectedItem name="RECEIVER_ID"/>
						<mdProjectedItem name="GControlNumber"/>
						<mdProjectedItem name="COMPLIANCE_STATUS"/>
						<mdProjectedItem name="CREATE_DATE"/>
						<mdProjectedItem name="GROUP_DATE"/>
						<mdProjectedItem name="DIRECTION"/>
						<mdProjectedItem name="STANDARD"/>
						<mdProjectedItem name="FUNCTIONAL_ID"/>
						<mdProjectedItem name="ACK_STATUS"/>
						<mdProjectedItem name="ACK_OVERDUE_TIME"/>
						<mdProjectedItem name="DOCUMENT_SIZE"/>
						<mdProjectedItem name="TransactionCount"/>
					</mdProjectedItems>
				</sqlQuery>
			</source>
			<selection>
				<dataItem name="ENVELOPE_NAME" label="Envelope">
					<expression>[ReportSQL].[ENVELOPE_NAME]</expression>
				</dataItem>
				<dataItem name="SENDER_ID" label="SenderID">
					<expression>[ReportSQL].[SENDER_ID]</expression>
				</dataItem>
				<dataItem name="RECEIVER_ID" label="ReceiverID">
					<expression>[ReportSQL].[RECEIVER_ID]</expression>
				</dataItem>
				<dataItem name="GCONTROLNUMBER" label="G-Ctrl#">
					<expression>[ReportSQL].[GControlNumber]</expression>
				</dataItem>
				<dataItem name="COMPLIANCE_STATUS">
					<expression>[ReportSQL].[COMPLIANCE_STATUS]</expression>
				</dataItem>
				<dataItem name="ACK_STATUS" label="AckStatus">
					<expression>[ReportSQL].[ACK_STATUS]</expression>
				</dataItem>
				<dataItem name="ACK_OVERDUE_TIME" label="Overdue">
					<expression>[ReportSQL].[ACK_OVERDUE_TIME]</expression>
				</dataItem>
				<dataItem name="GROUP_DATE" label="Created">
					<expression>[ReportSQL].[GROUP_DATE]</expression>
				</dataItem>
				<dataItem name="DIRECTION">
					<expression>[ReportSQL].[DIRECTION]</expression>
				</dataItem>
				<dataItem name="STANDARD" label="Standard">
					<expression>[ReportSQL].[STANDARD]</expression>
				</dataItem>
				<dataItem name="FUNCTIONAL_ID" label="FuncID">
					<expression>[ReportSQL].[FUNCTIONAL_ID]</expression>
				</dataItem>
				<dataItem name="DOCUMENT_SIZE">
					<expression>[ReportSQL].[DOCUMENT_SIZE]</expression>
				</dataItem>
				<dataItem name="TRANSACTIONCOUNT" label="# Sets">
					<expression>cast([ReportSQL].[TransactionCount], INTEGER)</expression>
				</dataItem>
				<dataItem name="StatusCnt">
					<expression>count ([ACK_STATUS] for [ACK_STATUS])</expression>
				</dataItem>
				<dataItem name="AckStatusInGroup">
					<expression>[ReportSQL].[ACK_STATUS]</expression>
				</dataItem>
				<dataItem name="NumOfSetsInStatus">
					<expression>total ( cast([TRANSACTIONCOUNT],INTEGER) for [ACK_STATUS])</expression>
				</dataItem>
				<dataItem name="NumOfSetsInReport">
					<expression>running-total (cast([TRANSACTIONCOUNT],INTEGER))</expression>
				</dataItem>
				<dataItem name="NoneStatusTotal">
					<expression>running-total(IF ([ACK_STATUS]='NONE') THEN (1) else (0))</expression>
				</dataItem>
				<dataItem name="WaitingStatusTotal">
					<expression>running-total(IF ([ACK_STATUS]='WAITING') THEN (1) else (0))</expression>
				</dataItem>
				<dataItem name="ReceivedStatusTotal">
					<expression>running-total(IF ([ACK_STATUS]='RECEIVED') THEN (1) else (0))</expression>
				</dataItem>
				<dataItem name="AcceptedStatusTotal">
					<expression>running-total(IF ([ACK_STATUS]='ACCEPTED') THEN (1) else (0))</expression>
				</dataItem>
				<dataItem name="PartiallyAcceptedStatusTotal">
					<expression>running-total(IF ([ACK_STATUS]='PARTIALLY ACCEPTED') THEN (1) else (0))</expression>
				</dataItem>
				<dataItem name="AcceptedWithErrorsStatusTotal">
					<expression>running-total(IF ([ACK_STATUS]='ACCEPTED WITH ERRORS') THEN (1) else (0))</expression>
				</dataItem>
				<dataItem name="ManuallyAcceptedStatusTotal">
					<expression>running-total(IF ([ACK_STATUS]='MANUALLY ACCEPTED') THEN (1) else (0))</expression>
				</dataItem>
				<dataItem name="RejectedStatusTotal">
					<expression>running-total(IF ([ACK_STATUS]='REJECTED') THEN (1) else (0))</expression>
				</dataItem>
				<dataItem name="OverdueStatusTotal">
					<expression>running-total(IF ([ACK_STATUS]='OVERDUE') THEN (1) else (0))</expression>
				</dataItem>
			</selection>
			<queryHints>
				<localCache value="false"/>
			</queryHints>
			<detailFilters>
				<detailFilter use="optional">
					<filterExpression>[SENDER_ID] = ?SenderIDFilter?</filterExpression>
				</detailFilter>
				<detailFilter use="optional">
					<filterExpression>[RECEIVER_ID] = ?ReceiverIDFilter?</filterExpression>
				</detailFilter>
				<detailFilter use="optional">
					<filterExpression>[ENVELOPE_NAME] = ?EnvelopeNameFilter?</filterExpression>
				</detailFilter>
				<detailFilter use="optional">
					<filterExpression>[ACK_STATUS] in ?AckStatusFilter?</filterExpression>
				</detailFilter>
			</detailFilters>
		</query>
		<query name="SenderIDList">
			<source>
				<model/>
			</source>
			<selection>
				<dataItem aggregate="none" name="SENDER_ID">
					<expression>[SCCReportDatasource].[SPE_CORRELATION_INTERCHANGE].[SENDER_ID]</expression>
				</dataItem>
				<dataItem aggregate="none" sort="ascending" name="SENDER_ID_VALUE">
					<expression>[SCCReportDatasource].[SPE_CORRELATION_INTERCHANGE].[SENDER_ID]</expression>
				</dataItem>
			</selection>
		</query>
		<query name="ReceiverIDList">
			<source>
				<model/>
			</source>
			<selection>
				<dataItem aggregate="none" name="RECEIVER_ID">
					<expression>[SCCReportDatasource].[SPE_CORRELATION_INTERCHANGE].[RECEIVER_ID]</expression>
				</dataItem>
				<dataItem aggregate="none" sort="ascending" name="RECEIVER_ID_VALUE">
					<expression>[SCCReportDatasource].[SPE_CORRELATION_INTERCHANGE].[RECEIVER_ID]</expression>
				</dataItem>
			</selection>
		</query>
		<query name="EnvelopeNameList">
			<source>
				<model/>
			</source>
			<selection>
				<dataItem aggregate="none" name="ENVELOPE_NAME">
					<expression>[SCCReportDatasource].[SPE_CORRELATION_INTERCHANGE].[ENVELOPE_NAME]</expression>
				</dataItem>
				<dataItem aggregate="none" sort="ascending" name="ENVELOPE_NAME_VALUE">
					<expression>[SCCReportDatasource].[SPE_CORRELATION_INTERCHANGE].[ENVELOPE_NAME]</expression>
				</dataItem>
			</selection>
		</query>
	</queries>
	<reportVariables>
		<reportVariable type="boolean" name="ShowStandardFilter">
			<reportExpression>IF ParamDisplayValue('StandardFilter') is null THEN (0) ELSE (1)</reportExpression>
			<variableValues>
				<variableValue value="1"/>
			</variableValues>
		</reportVariable>
		<reportVariable type="boolean" name="ShowSenderIDFilter">
			<reportExpression>IF ParamDisplayValue('SenderIDFilter') is null then (0) ELSE (1)</reportExpression>
			<variableValues>
				<variableValue value="1"/>
			</variableValues>
		</reportVariable>
		<reportVariable type="boolean" name="ShowReceiverIDFilter">
			<reportExpression>IF ParamDisplayValue('ReceiverIDFilter') is null then (0) ELSE (1)</reportExpression>
			<variableValues>
				<variableValue value="1"/>
			</variableValues>
		</reportVariable>
		<reportVariable type="boolean" name="ShowAckStatusFilter">
			<reportExpression>IF ParamDisplayValue('AckStatusFilter') is null then (0) ELSE (1)</reportExpression>
			<variableValues>
				<variableValue value="1"/>
			</variableValues>
		</reportVariable>
		<reportVariable type="boolean" name="ShowEnvelopeNameFilter">
			<reportExpression>IF ParamDisplayValue('EnvelopeNameFilter') is null then (0) ELSE (1)</reportExpression>
			<variableValues>
				<variableValue value="1"/>
			</variableValues>
		</reportVariable>
	</reportVariables>
</report>
